INSERT INTO domain_type (id, description, name, plural_name) VALUES (501, 'Tjänstedomänen utvecklas och/eller förvaltas av Inera. Inera A&R ansvarar för kvalité inom teknik, informatik, arkitektur och testsviter/tjänsteproducenter, samt att domänen passar in i och har en tydlig roll i den sammantagna portföljen av nationella tjänstekontrakt. A&R:s kvalitetssäkringsprocess följs under utvecklings- och förvaltningsfasen.', 'Nationell tjänstedomän', 'Nationella tjänstedomäner');
INSERT INTO domain_type (id, description, name, plural_name) VALUES (502, 'Annan part än Inera A&R utvecklar/förvaltar tjänstedomänen. Annan part ansvarar för kvalité inom teknik, informatik och arkitektur. Tjänstekontrakten i tjänstedomänen följer giltig RIV TA-profil (tjänstekontraktens tekniska utformning och paketering) och kan därför driftsättas och anslutningshanteras i NTJP om ICC:s infrastrukturkrav är uppfyllda. Tjänstekontrakten tillämpas inte inom Ineras uppdrag. Inera A&R ansvarar inte för namnsättning utöver vad som anges nedan, men kan konsulteras om extern part önskar.', 'Extern tjänstedomän', 'Externa tjänstedomäner');
INSERT INTO domain_type (id, description, name, plural_name) VALUES (503, 'Tjänstedomänen definierar ett applikations-/lösningsspecifikt API till en applikation/tjänst som ägs av Inera. Applikationsförvaltningen vill återanvända Ineras anslutningsorganisation och infrastruktur (Tjänsteplattformen), men ha kvar full kontroll över alla beslut som rör kontraktsdesign, versioner och releaser. Förvaltningen har ett eget, lokalt ansvar för tjänstekontraktens arkitektur, informatik och teknik inom ramen för det ansvar som projektet/förvaltningen har för applikationen/tjänsten i sig. Tjänstekontrakten får bara användas när den specifika applikationen/tjänsten är en av parterna i informationsutbytet.', 'Applikationsspecifik tjänstedomän', 'Applikationsspecifika tjänstedomäner');

INSERT INTO domain (id, description, name, swedish_long, swedish_short, hidden, info_page_url, issue_tracker_url, source_code_url, owner, domain_type_id) VALUES (501, 'Syftet med denna domän är att kommunicera information om aktiviteter i kärnprocessen på ett strukturerat sätt. Informationen i de olika kontrakten är fördelad i atomära delar och med hjälp av kontextbaserade klasser ska kontrakten koppla ihop information, och på så vis bygga ihop en kontext. Ett exempel på detta kan vara informationen om att en patient har genomgått en operation på grund av en tidigare ställd diagnos. Då har en koppling gjorts mellan den utförda operationen och diagnosen.  Kontrakten ställer krav på att informationen är strukturerad och kodad. Denna domän tillgodoser behov hos exempelvis kvalitetsregister och uppföljningssystem som behöver kunna bearbeta och tolka information maskinellt....', 'clinicalprocess:activity:actions', 'vård- och omsorg kärnprocess:hantera aktiviteter:aktiviteter', 'aktivitetshantering', 0, '', 'https://bitbucket.org/rivta-domains/riv.clinicalprocess.activity.actions/issues', 'https://bitbucket.org/rivta-domains/riv.clinicalprocess.activity.actions/src', '', 501);
INSERT INTO domain (id, description, name, swedish_long, swedish_short, hidden, info_page_url, issue_tracker_url, source_code_url, owner, domain_type_id) VALUES (502, 'Syftet med domänen är att hantera remissprocessen nationellt och lokalt, mellan och inom vårdgivare, från remiss till svar. Domänen innehåller specifikationer för att skicka och ta emot remisser, bekräftelser och svar samt tjänster för att leverera statusinformation för remisser. ', 'clinicalprocess:activity:request', 'vård- och omsorg kärnprocess:hantera aktiviteter:remisshantering', 'remisshantering', 0, '', 'https://bitbucket.org/rivta-domains/riv.clinicalprocess.activity.request/issues', 'https://bitbucket.org/rivta-domains/riv.clinicalprocess.activity.request/src', '', 502);
INSERT INTO domain (id, description, name, swedish_long, swedish_short, hidden, info_page_url, issue_tracker_url, source_code_url, owner, domain_type_id) VALUES (503, 'Domänen syftar till att tillmötesgå behovet vårdprofessionens direktåtkomst till patientens vårdinformation (så kallad sammanhållen journalföring) såväl som patientens egen åtkomst till sin vårdinformation. Tjänstekontrakten i denna domän beskriver patientens ordinationer och på dessa följande aktiviteter (exempelvis ordinationer, förskrivningar och administration av läkemedel och vaccinationer). Domänens kontrakt stödjer tjänsteinteraktioner där konsumenten är i behov av att läsa informationen från ett eller flera källsystem.', 'clinicalprocess:activityprescription:actoutcome', 'vård- och omsorg kärnprocess:hantera aktiviteter:ordinationsutfall', 'ordinationsutfall', 0, '', 'https://bitbucket.org/rivta-domains/riv.clinicalprocess.activityprescription.actoutcome/issues', 'https://bitbucket.org/rivta-domains/riv.clinicalprocess.activityprescription.actoutcome/src', '', 503);


INSERT INTO service_contract (`id`,`major`,`minor`,`name`,`namespace`,`domain_id`) VALUES (501,1,3,'GetActivitiesResponder','urn:riv:clinicalprocess:activity:actions:GetActivitiesResponder:1',501);
INSERT INTO service_contract (`id`,`major`,`minor`,`name`,`namespace`,`domain_id`) VALUES (502,1,0,'GetRequestStatusResponder','urn:riv:clinicalprocess:activity:request:GetRequestStatusResponder:1',501);
INSERT INTO service_contract (`id`,`major`,`minor`,`name`,`namespace`,`domain_id`) VALUES (503,1,0,'GetRequestInstructionResponder','urn:riv:clinicalprocess:activity:request:GetRequestInstructionResponder:1',501);

INSERT INTO service_contract (`id`,`major`,`minor`,`name`,`namespace`,`domain_id`) VALUES (504,1,0,'ProcessRequestConfirmationResponder','urn:riv:clinicalprocess:activity:request:ProcessRequestConfirmationResponder:1',502);
INSERT INTO service_contract (`id`,`major`,`minor`,`name`,`namespace`,`domain_id`) VALUES (505,1,0,'ProcessRequestOutcomeResponder','urn:riv:clinicalprocess:activity:request:ProcessRequestOutcomeResponder:1',502);
INSERT INTO service_contract (`id`,`major`,`minor`,`name`,`namespace`,`domain_id`) VALUES (506,1,0,'ProcessRequestResponder','urn:riv:clinicalprocess:activity:request:ProcessRequestResponder:1',502);
INSERT INTO service_contract (`id`,`major`,`minor`,`name`,`namespace`,`domain_id`) VALUES (507,2,0,'ProcessRequestResponder','urn:riv:clinicalprocess:activity:request:ProcessRequestResponder:2',502);
INSERT INTO service_contract (`id`,`major`,`minor`,`name`,`namespace`,`domain_id`) VALUES (508,2,0,'GetRequestInstructionResponder','urn:riv:clinicalprocess:activity:request:GetRequestInstructionResponder:2',502);
INSERT INTO service_contract (`id`,`major`,`minor`,`name`,`namespace`,`domain_id`) VALUES (509,2,0,'ProcessRequestConfirmationResponder','urn:riv:clinicalprocess:activity:request:ProcessRequestConfirmationResponder:2',502);
INSERT INTO service_contract (`id`,`major`,`minor`,`name`,`namespace`,`domain_id`) VALUES (510,2,0,'ProcessRequestOutcomeResponder','urn:riv:clinicalprocess:activity:request:ProcessRequestOutcomeResponder:2',502);
INSERT INTO service_contract (`id`,`major`,`minor`,`name`,`namespace`,`domain_id`) VALUES (511,2,0,'GetRequestStatusResponder','urn:riv:clinicalprocess:activity:request:GetRequestStatusResponder:2',502);

INSERT INTO service_contract (`id`,`major`,`minor`,`name`,`namespace`,`domain_id`) VALUES (512,1,0,'GetVaccinationHistoryResponder','urn:riv:clinicalprocess:activityprescription:actoutcome:GetVaccinationHistoryResponder:1',503);
INSERT INTO service_contract (`id`,`major`,`minor`,`name`,`namespace`,`domain_id`) VALUES (513,2,0,'GetVaccinationHistoryResponder','urn:riv:clinicalprocess:activityprescription:actoutcome:GetVaccinationHistoryResponder:2',503);
INSERT INTO service_contract (`id`,`major`,`minor`,`name`,`namespace`,`domain_id`) VALUES (514,2,1,'GetMedicationHistoryResponder','urn:riv:clinicalprocess:activityprescription:actoutcome:GetMedicationHistoryResponder:2',503);

INSERT INTO domain_version (`id`,`name`,`source_control_path`,`domain_id`,`documents_folder`,`interactions_folder`,`zip_url`,`different_domain_name`,`hidden`) VALUES (501,'trunk','https://bitbucket.org/rivta-domains/riv.clinicalprocess.activity.actions/src/master',501,'docs','schemas/interactions',NULL,NULL,'0');
INSERT INTO domain_version (`id`,`name`,`source_control_path`,`domain_id`,`documents_folder`,`interactions_folder`,`zip_url`,`different_domain_name`,`hidden`) VALUES (502,'1.0','https://bitbucket.org/rivta-domains/riv.clinicalprocess.activity.actions/src/clinicalprocess_activity_actions_1.0',501,'docs','schemas/interactions','http://rivta.se/downloads//clinicalprocess_activity_actions/1.0/ServiceContracts_clinicalprocess_activity_actions_1.0.zip',NULL,'0');
INSERT INTO domain_version (`id`,`name`,`source_control_path`,`domain_id`,`documents_folder`,`interactions_folder`,`zip_url`,`different_domain_name`,`hidden`) VALUES (503,'1.0_RC6','https://bitbucket.org/rivta-domains/riv.clinicalprocess.activity.actions/src/clinicalprocess_activity_actions_1.0_RC6',501,'docs','schemas/interactions','http://rivta.se/downloads//clinicalprocess_activity_actions/1.0_RC6/ServiceContracts_clinicalprocess_activity_actions_1.0_RC6.zip',NULL,'1');
INSERT INTO domain_version (`id`,`name`,`source_control_path`,`domain_id`,`documents_folder`,`interactions_folder`,`zip_url`,`different_domain_name`,`hidden`) VALUES (504,'1.0_RC8','https://bitbucket.org/rivta-domains/riv.clinicalprocess.activity.actions/src/clinicalprocess_activity_actions_1.0_RC8',501,'docs','schemas/interactions','http://rivta.se/downloads//clinicalprocess_activity_actions/1.0_RC8/ServiceContracts_clinicalprocess_activity_actions_1.0_RC8.zip',NULL,'1');
INSERT INTO domain_version (`id`,`name`,`source_control_path`,`domain_id`,`documents_folder`,`interactions_folder`,`zip_url`,`different_domain_name`,`hidden`) VALUES (505,'1.0_RC9','https://bitbucket.org/rivta-domains/riv.clinicalprocess.activity.actions/src/clinicalprocess_activity_actions_1.0_RC9',501,'docs','schemas/interactions','http://rivta.se/downloads//clinicalprocess_activity_actions/1.0_RC9/ServiceContracts_clinicalprocess_activity_actions_1.0_RC9.zip',NULL,'1');

INSERT INTO domain_version (`id`,`name`,`source_control_path`,`domain_id`,`documents_folder`,`interactions_folder`,`zip_url`,`different_domain_name`,`hidden`) VALUES (506,'trunk','https://bitbucket.org/rivta-domains/riv.clinicalprocess.activity.request/src/master',502,'docs','schemas/interactions',NULL,NULL,'0');
INSERT INTO domain_version (`id`,`name`,`source_control_path`,`domain_id`,`documents_folder`,`interactions_folder`,`zip_url`,`different_domain_name`,`hidden`) VALUES (507,'1.0.1','https://bitbucket.org/rivta-domains/riv.clinicalprocess.activity.request/src/1.0.1',502,'docs','schemas/interactions',NULL,NULL,'0');
INSERT INTO domain_version (`id`,`name`,`source_control_path`,`domain_id`,`documents_folder`,`interactions_folder`,`zip_url`,`different_domain_name`,`hidden`) VALUES (508,'1.0_RC3','https://bitbucket.org/rivta-domains/riv.clinicalprocess.activity.request/src/clinicalprocess_activity_request_1.0_RC3',502,'docs','schemas/interactions','http://rivta.se/downloads/clinicalprocess_activity_request/1.0_RC3/ServiceContracts_clinicalprocess_activity_request_1.0_RC3.zip',NULL,'1');
INSERT INTO domain_version (`id`,`name`,`source_control_path`,`domain_id`,`documents_folder`,`interactions_folder`,`zip_url`,`different_domain_name`,`hidden`) VALUES (509,'2.0_RC1','https://bitbucket.org/rivta-domains/riv.clinicalprocess.activity.request/src/clinicalprocess_activity_request_2.0_RC1',502,'docs','schemas/interactions','http://rivta.se/downloads//clinicalprocess_activity_request/2.0_RC1/ServiceContracts_clinicalprocess_activity_request_2.0_RC1.zip',NULL,'1');

INSERT INTO domain_version (`id`,`name`,`source_control_path`,`domain_id`,`documents_folder`,`interactions_folder`,`zip_url`,`different_domain_name`,`hidden`) VALUES (510,'trunk','https://bitbucket.org/rivta-domains/riv.clinicalprocess.activityprescription.actoutcome/src/master',503,'docs','schemas/interactions',NULL,NULL,'0');
INSERT INTO domain_version (`id`,`name`,`source_control_path`,`domain_id`,`documents_folder`,`interactions_folder`,`zip_url`,`different_domain_name`,`hidden`) VALUES (511,'1.0.0','https://bitbucket.org/rivta-domains/riv.clinicalprocess.activityprescription.actoutcome/src/Clinicalprocess_activityprescription_actoutcome_1.0.0',503,'docs','schemas/interactions','http://rivta.se/downloads/clinicalprocess_activityprescription_actoutcome/1.0.0/ServiceContracts_clinicalprocess_activityprescription_actoutcome_1.0.0.zip',NULL,'0');
INSERT INTO domain_version (`id`,`name`,`source_control_path`,`domain_id`,`documents_folder`,`interactions_folder`,`zip_url`,`different_domain_name`,`hidden`) VALUES (512,'1.0.1','https://bitbucket.org/rivta-domains/riv.clinicalprocess.activityprescription.actoutcome/src/clinicalprocess_activityprescription_actoutcome_1.0.1',503,'docs','schemas/interactions','http://rivta.se/downloads//clinicalprocess_activityprescription_actoutcome/1.0.1/ServiceContracts_clinicalprocess_activityprescription_actoutcome_1.0.1.zip',NULL,'0');
INSERT INTO domain_version (`id`,`name`,`source_control_path`,`domain_id`,`documents_folder`,`interactions_folder`,`zip_url`,`different_domain_name`,`hidden`) VALUES (513,'2.0','https://bitbucket.org/rivta-domains/riv.clinicalprocess.activityprescription.actoutcome/src/clinicalprocess_activityprescription_actoutcome_2.0',503,'docs','schemas/interactions','http://rivta.se/downloads/clinicalprocess_activityprescription_actoutcome/2.0/ServiceContracts_clinicalprocess_activityprescription_actoutcome_2.0.zip',NULL,'1');
INSERT INTO domain_version (`id`,`name`,`source_control_path`,`domain_id`,`documents_folder`,`interactions_folder`,`zip_url`,`different_domain_name`,`hidden`) VALUES (514,'2.0.1','https://bitbucket.org/rivta-domains/riv.clinicalprocess.activityprescription.actoutcome/src/clinicalprocess_activityprescription_actoutcome_2.0.1',503,'docs','schemas/interactions','http://rivta.se/downloads/clinicalprocess_activityprescription_actoutcome/2.0.1/ServiceContracts_clinicalprocess_activityprescription_actoutcome_2.0.1.zip',NULL,'1');
INSERT INTO domain_version (`id`,`name`,`source_control_path`,`domain_id`,`documents_folder`,`interactions_folder`,`zip_url`,`different_domain_name`,`hidden`) VALUES (515,'2.0.2','https://bitbucket.org/rivta-domains/riv.clinicalprocess.activityprescription.actoutcome/src/clinicalprocess_activityprescription_actoutcome_2.0.2',503,'docs','schemas/interactions','http://rivta.se/downloads//clinicalprocess_activityprescription_actoutcome/2.0.2/ServiceContracts_clinicalprocess_activityprescription_actoutcome_2.0.2.zip',NULL,'0');

INSERT INTO review_outcome (`id`,`name`,`symbol`) VALUES (1,'Godkänd','G');
INSERT INTO review_outcome (`id`,`name`,`symbol`) VALUES (2,'Delvis Godkänd','(G)');
INSERT INTO review_outcome (`id`,`name`,`symbol`) VALUES (3,'Underkänd','U');

INSERT INTO review_protocol (`id`,`code`,`name`) VALUES (1,'aor-s','Arkitektur & Regelverk: Säkerhet');
INSERT INTO review_protocol (`id`,`code`,`name`) VALUES (2,'aor-i','Arkitektur & Regelverk: Informatik');
INSERT INTO review_protocol (`id`,`code`,`name`) VALUES (3,'aor-t','Arkitektur & Regelverk: Teknik');
INSERT INTO review_protocol (`id`,`code`,`name`) VALUES (4,'legacy-s','Äldre granskningsprocess: Säkerhet');
INSERT INTO review_protocol (`id`,`code`,`name`) VALUES (5,'legacy-i','Äldre granskningsprocess: Informatik');
INSERT INTO review_protocol (`id`,`code`,`name`) VALUES (6,'legacy-t','Äldre granskningsprocess: Teknik');

INSERT INTO review (`id`,`report_url`,`domain_version_id`,`review_outcome_id`,`review_protocol_id`) VALUES (501,'http://rivta.se/downloads/clinicalprocess_activity_actions/1.0_RC5/VIS_granskningsmall_clinicalprocess_activity_actions 1.0RC4_5.docx',501,1,1);
INSERT INTO review (`id`,`report_url`,`domain_version_id`,`review_outcome_id`,`review_protocol_id`) VALUES (502,'http://rivta.se/downloads/clinicalprocess_activity_actions/1.0_RC5/VIS_granskningsmall_clinicalprocess_activity_actions 1.0RC4_5.docx',501,3,2);
INSERT INTO review (`id`,`report_url`,`domain_version_id`,`review_outcome_id`,`review_protocol_id`) VALUES (503,'http://rivta.se/downloads/clinicalprocess_activity_actions/1.0_RC5/AL-T Granskning av clinicalprocess_activity_actions_1.0_RC5.docx',501,2,3);
INSERT INTO review (`id`,`report_url`,`domain_version_id`,`review_outcome_id`,`review_protocol_id`) VALUES (505,'http://rivta.se/downloads/clinicalprocess_activity_request/1.0_RC3/VIS_granskningsmall_TKB_clinicalprocess_activity_request_1.0 RC2%2B3_2014_11_20.docx',506,1,1);
INSERT INTO review (`id`,`report_url`,`domain_version_id`,`review_outcome_id`,`review_protocol_id`) VALUES (506,'http://rivta.se/downloads/clinicalprocess_activity_request/1.0_RC3/VIS_granskningsmall_TKB_clinicalprocess_activity_request_1.0 RC2%2B3_2014_11_20.docx',506,2,2);
INSERT INTO review (`id`,`report_url`,`domain_version_id`,`review_outcome_id`,`review_protocol_id`) VALUES (507,'http://rivta.se/downloads/clinicalprocess_activity_request/1.0_RC3/AL-T Granskning av clinicalprocess_activity_request_1.0_RC3.docx',506,1,3);
INSERT INTO review (`id`,`report_url`,`domain_version_id`,`review_outcome_id`,`review_protocol_id`) VALUES (508,'http://rivta.se/downloads/clinicalprocess_activity_request/1.0_RC3/VIS_granskningsmall_TKB_clinicalprocess_activity_request_1.0 RC2%2B3_2014_11_20.docx',510,1,1);
INSERT INTO review (`id`,`report_url`,`domain_version_id`,`review_outcome_id`,`review_protocol_id`) VALUES (509,'http://rivta.se/downloads/clinicalprocess_activity_request/1.0_RC3/VIS_granskningsmall_TKB_clinicalprocess_activity_request_1.0 RC2%2B3_2014_11_20.docx',510,2,2);
INSERT INTO review (`id`,`report_url`,`domain_version_id`,`review_outcome_id`,`review_protocol_id`) VALUES (510,'http://rivta.se/downloads/clinicalprocess_activity_request/1.0_RC3/AL-T Granskning av clinicalprocess_activity_request_1.0_RC3.docx',510,1,3);

INSERT INTO description_document (`id`,`document_type`,`file_name`,`last_changed_date`,`domain_version_id`) VALUES (501,'TKB','TKB_clinicalprocess_activity_actions.docx','2023-06-02 09:15:56',501);
INSERT INTO description_document (`id`,`document_type`,`file_name`,`last_changed_date`,`domain_version_id`) VALUES (502,'AB','AB_clinicalprocess_activity_actions.docx','2023-06-02 09:15:56',501);
INSERT INTO description_document (`id`,`document_type`,`file_name`,`last_changed_date`,`domain_version_id`) VALUES (503,'AB','AB_clinicalprocess_activity_request.docx','2014-11-12 21:26:05',506);
INSERT INTO description_document (`id`,`document_type`,`file_name`,`last_changed_date`,`domain_version_id`) VALUES (504,'TKB','TKB_clinicalprocess_activity_request.docx','2014-11-12 21:26:05',506);
INSERT INTO description_document (`id`,`document_type`,`file_name`,`last_changed_date`,`domain_version_id`) VALUES (505,'TKB','TKB_clinicalprocess_activityprescription_actoutcome.docx','2023-05-23 10:56:00',510);
INSERT INTO description_document (`id`,`document_type`,`file_name`,`last_changed_date`,`domain_version_id`) VALUES (506,'AB','AB_clinicalprocess_activityprescription_actoutcome.docx','2023-05-23 10:56:00',510);


INSERT INTO interaction (`id`,`major`,`minor`,`name`,`namespace`,`rivta_profile`,`domain_id`,`initiator_contract_id`,`responder_contract_id`) VALUES (501,1,0,'GetActivitiesInteraction','urn:riv:clinicalprocess:activity:actions:GetActivities:1:rivtabp21','rivtabp21',501,NULL,501);
INSERT INTO interaction_description (`description`,`folder_name`,`last_changed_date`,`wsdl_file_name`,`interaction_id`,`domain_version_id`) VALUES ('Returnerar strukturerade aktiviteter för en patient.','GetActivitiesInteraction','2023-06-02 09:15:56','GetActivitiesInteraction_1.3_RIVTABP21.wsdl',501,501);

INSERT INTO interaction (`id`,`major`,`minor`,`name`,`namespace`,`rivta_profile`,`domain_id`,`initiator_contract_id`,`responder_contract_id`) VALUES (502,1,0,'GetRequestStatusInteraction','urn:riv:clinicalprocess:activity:request:GetRequestStatus:1:rivtabp21','rivtabp21',502,NULL,504);
INSERT INTO interaction (`id`,`major`,`minor`,`name`,`namespace`,`rivta_profile`,`domain_id`,`initiator_contract_id`,`responder_contract_id`) VALUES (503,1,0,'GetRequestInstructionInteraction','urn:riv:clinicalprocess:activity:request:GetRequestInstruction:1:rivtabp21','rivtabp21',502,NULL,505);
INSERT INTO interaction (`id`,`major`,`minor`,`name`,`namespace`,`rivta_profile`,`domain_id`,`initiator_contract_id`,`responder_contract_id`) VALUES (504,1,0,'ProcessRequestConfirmationInteraction','urn:riv:clinicalprocess:activity:request:ProcessRequestConfirmation:1:rivtabp21','rivtabp21',502,NULL,506);
INSERT INTO interaction_description (`description`,`folder_name`,`last_changed_date`,`wsdl_file_name`,`interaction_id`,`domain_version_id`) VALUES ('Submission of a request to a healtcare facility','ProcessRequestConfirmationInteraction','2022-11-14 15:12:39','ProcessRequestConfirmationInteraction_1.0_RIVTABP21.wsdl',502,506);
INSERT INTO interaction_description (`description`,`folder_name`,`last_changed_date`,`wsdl_file_name`,`interaction_id`,`domain_version_id`) VALUES ('Submission of a request to a healtcare facility','ProcessRequestOutcomeInteraction','2022-11-14 15:12:39','ProcessRequestOutcomeInteraction_1.0_RIVTABP21.wsdl',503,506);
INSERT INTO interaction_description (`description`,`folder_name`,`last_changed_date`,`wsdl_file_name`,`interaction_id`,`domain_version_id`) VALUES ('Submission of a request to a healtcare facility','ProcessRequestInteraction','2022-11-14 15:12:39','ProcessRequestInteraction_1.0_RIVTABP21.wsdl',504,506);

INSERT INTO interaction (`id`,`major`,`minor`,`name`,`namespace`,`rivta_profile`,`domain_id`,`initiator_contract_id`,`responder_contract_id`) VALUES (505,2,0,'GetVaccinationHistoryInteraction','urn:riv:clinicalprocess:activityprescription:actoutcome:GetVaccinationHistory:2:rivtabp21','rivtabp21',503,NULL,512);
INSERT INTO interaction (`id`,`major`,`minor`,`name`,`namespace`,`rivta_profile`,`domain_id`,`initiator_contract_id`,`responder_contract_id`) VALUES (506,2,0,'GetMedicationHistoryInteraction','urn:riv:clinicalprocess:activityprescription:actoutcome:GetMedicationHistory:2:rivtabp21','rivtabp21',503,NULL,513);
INSERT INTO interaction (`id`,`major`,`minor`,`name`,`namespace`,`rivta_profile`,`domain_id`,`initiator_contract_id`,`responder_contract_id`) VALUES (507,1,0,'GetVaccinationHistoryInteraction','urn:riv:clinicalprocess:activityprescription:actoutcome:GetVaccinationHistory:1:rivtabp21','rivtabp21',503,NULL,514);
INSERT INTO interaction_description (`description`,`folder_name`,`last_changed_date`,`wsdl_file_name`,`interaction_id`,`domain_version_id`) VALUES ('Returnerar ordinerade och/eller administrerade vaccinationer för en patient.','GetVaccinationHistoryInteraction','2023-05-23 10:56:00','GetVaccinationHistoryInteraction_2.0_RIVTABP21.wsdl',505,510);
INSERT INTO interaction_description (`description`,`folder_name`,`last_changed_date`,`wsdl_file_name`,`interaction_id`,`domain_version_id`) VALUES ('Returnerar ordinerade, förskrivna och/eller administrerade läkemedel för en patient.','GetMedicationHistoryInteraction','2023-05-23 10:56:00','GetMedicationHistoryInteraction_2.1_RIVTABP21.wsdl',506,510);
